id,user_id,order_date,status
1,41,2024-02-13,completed
2,16,2024-02-11,completed
3,25,2024-03-10,return_pending
4,45,2024-05-22,shipped
5,44,2024-03-24,returned
6,4,2024-02-28,returned
7,3,2024-03-21,completed
8,18,2024-01-17,shipped
9,37,2024-03-21,shipped
10,42,2024-05-07,completed
11,42,2024-04-27,shipped
12,17,2024-02-05,shipped
13,36,2024-05-17,completed
14,38,2024-04-19,completed
15,26,2024-04-02,shipped
16,9,2024-05-10,completed
17,6,2024-01-13,returned
18,8,2024-02-09,return_pending
19,11,2024-06-23,completed
20,39,2024-01-17,completed
21,25,2024-06-01,completed
22,34,2024-03-05,completed
23,1,2024-06-23,return_pending
24,8,2024-06-23,completed
25,18,2024-06-13,completed
26,8,2024-03-16,completed
27,11,2024-04-26,placed
28,17,2024-05-08,returned
29,12,2024-05-09,placed
30,41,2024-03-17,returned
31,41,2024-05-09,completed
32,13,2024-02-09,completed
33,11,2024-05-18,returned
34,34,2024-01-01,completed
35,21,2024-05-05,placed
36,8,2024-04-02,returned
37,20,2024-03-02,placed
38,16,2024-05-25,placed
39,6,2024-05-04,returned
40,5,2024-05-16,returned
41,9,2024-02-02,return_pending
42,31,2024-05-20,shipped
43,17,2024-05-15,returned
44,39,2024-04-18,shipped
45,35,2024-06-25,shipped
46,20,2024-04-12,return_pending
47,42,2024-04-05,completed
48,34,2024-04-25,placed
49,16,2024-02-27,placed
50,22,2024-01-06,completed
51,36,2024-02-28,completed
52,15,2024-01-02,placed
53,41,2024-01-16,shipped
54,5,2024-01-09,returned
55,22,2024-01-19,completed
56,16,2024-03-12,return_pending
57,32,2024-02-24,completed
58,9,2024-05-26,completed
59,31,2024-03-03,returned
60,31,2024-04-14,shipped
61,7,2024-01-25,return_pending
62,28,2024-03-31,completed
63,27,2024-04-29,returned
64,4,2024-06-21,return_pending
65,42,2024-01-26,placed
66,26,2024-03-27,returned
67,7,2024-03-04,shipped
68,13,2024-05-17,completed
69,9,2024-04-18,shipped
70,18,2024-04-28,shipped
71,5,2024-04-23,returned
72,36,2024-01-26,placed
73,42,2024-05-18,returned
74,1,2024-01-24,returned
75,16,2024-02-12,completed
76,32,2024-05-03,shipped
77,26,2024-01-16,shipped
78,25,2024-01-01,completed
79,17,2024-04-26,completed
80,28,2024-06-27,return_pending
81,36,2024-06-18,return_pending
82,32,2024-02-09,shipped
83,19,2024-02-25,placed
84,38,2024-05-18,placed
85,21,2024-01-15,placed
86,38,2024-05-02,completed
87,34,2024-02-10,placed
88,33,2024-01-21,returned
89,12,2024-01-18,completed
90,5,2024-06-21,returned
91,16,2024-04-13,placed
92,37,2024-03-04,completed
93,39,2024-01-11,completed
94,6,2024-04-17,return_pending
95,38,2024-05-24,completed
96,21,2024-03-07,shipped
97,43,2024-03-21,shipped
98,17,2024-04-11,shipped
99,43,2024-06-14,completed
100,30,2024-03-21,returned
101,5,2024-01-03,completed
102,40,2024-05-24,placed
103,5,2024-05-17,shipped
104,33,2024-03-08,shipped
105,23,2024-01-18,shipped
106,24,2024-03-13,shipped
107,29,2024-05-19,return_pending
108,20,2024-06-05,returned
109,42,2024-05-15,placed
110,43,2024-05-21,completed
111,43,2024-01-27,shipped
112,17,2024-01-30,placed
113,36,2024-02-09,completed
114,19,2024-06-03,shipped
115,22,2024-02-22,return_pending
116,41,2024-03-08,completed
117,32,2024-03-05,returned
118,4,2024-01-24,return_pending
119,28,2024-03-11,placed
120,1,2024-03-26,returned
