id,order_id,payment_method,amount
1,1,bank_transfer,1500
2,2,gift_card,5000
3,2,coupon,4000
4,3,credit_card,900
5,4,gift_card,700
6,5,gift_card,4000
7,6,coupon,1300
8,7,bank_transfer,2800
9,8,bank_transfer,1800
10,9,credit_card,2700
11,10,gift_card,5200
12,10,credit_card,2000
13,11,credit_card,3100
14,12,credit_card,5200
15,13,coupon,5600
16,14,bank_transfer,1500
17,15,coupon,6000
18,16,coupon,1900
19,17,coupon,2700
20,18,credit_card,1900
21,19,credit_card,3000
22,20,bank_transfer,6000
23,21,bank_transfer,2700
24,22,gift_card,2600
25,22,credit_card,1200
26,23,credit_card,4200
27,24,credit_card,1100
28,25,bank_transfer,5100
29,25,bank_transfer,3200
30,26,coupon,4100
31,27,bank_transfer,700
32,28,credit_card,3800
33,28,gift_card,4800
34,29,bank_transfer,3200
35,30,bank_transfer,4400
36,31,credit_card,5100
37,32,gift_card,2400
38,33,bank_transfer,3000
39,33,bank_transfer,4000
40,34,credit_card,3100
41,35,credit_card,4400
42,35,gift_card,2400
43,36,gift_card,5800
44,36,credit_card,2400
45,37,credit_card,3200
46,38,coupon,3300
47,39,credit_card,3700
48,39,coupon,5500
49,40,credit_card,2300
50,41,credit_card,5700
51,42,bank_transfer,1900
52,43,credit_card,600
53,44,credit_card,3500
54,45,coupon,3100
55,46,coupon,3600
56,47,credit_card,1400
57,47,credit_card,5300
58,48,coupon,1900
59,49,gift_card,3400
60,50,gift_card,2000
61,51,coupon,1300
62,52,gift_card,4000
63,52,gift_card,2500
64,53,gift_card,5700
65,53,gift_card,3200
66,54,credit_card,5200
67,54,coupon,3300
68,55,credit_card,5800
69,56,gift_card,3600
70,57,bank_transfer,3300
71,58,bank_transfer,2000
72,59,bank_transfer,2500
73,60,credit_card,1400
74,61,coupon,4900
75,62,credit_card,900
76,63,coupon,2600
77,63,gift_card,3400
78,64,credit_card,1800
79,64,coupon,2900
80,65,gift_card,2900
81,66,credit_card,2700
82,66,bank_transfer,5300
83,67,coupon,3900
84,67,gift_card,5600
85,68,coupon,1900
86,69,coupon,3600
87,70,coupon,2600
88,71,credit_card,5800
89,71,coupon,1300
90,72,coupon,4200
91,73,credit_card,4600
92,74,credit_card,6000
93,74,coupon,1600
94,75,bank_transfer,2900
95,76,credit_card,3400
96,77,bank_transfer,5300
97,78,bank_transfer,5300
98,78,coupon,2100
99,79,coupon,600
100,80,bank_transfer,1900
101,81,credit_card,5300
102,82,credit_card,1700
103,83,gift_card,1400
104,84,credit_card,3500
105,85,gift_card,1800
106,86,bank_transfer,5400
107,86,bank_transfer,1500
108,87,credit_card,2400
109,88,gift_card,600
110,89,gift_card,4800
111,90,coupon,5000
112,90,credit_card,900
113,91,credit_card,4900
114,92,gift_card,5600
115,93,gift_card,5500
116,94,bank_transfer,3900
117,95,bank_transfer,900
118,95,gift_card,4600
119,96,credit_card,5900
120,97,coupon,1100
121,97,coupon,2800
122,98,credit_card,3200
123,98,credit_card,5100
124,99,gift_card,5600
125,100,coupon,3200
126,100,gift_card,2200
127,101,credit_card,5800
128,102,bank_transfer,3300
129,103,coupon,4100
130,104,bank_transfer,600
131,104,coupon,5900
132,105,credit_card,3600
133,106,bank_transfer,5600
134,107,bank_transfer,2200
135,108,gift_card,500
136,109,credit_card,2000
137,110,coupon,4000
138,110,credit_card,4900
139,111,coupon,3300
140,111,credit_card,1000
141,112,credit_card,3000
142,113,bank_transfer,4700
143,114,coupon,4000
144,115,coupon,5200
145,116,bank_transfer,4900
146,117,bank_transfer,2400
147,117,bank_transfer,1900
148,118,credit_card,2500
149,119,gift_card,5300
150,120,credit_card,1800
