id,first_name,last_name
1,Grace,K.
2,Ava,T.
3,Sofia,C.
4,Ethan,G.
5,Ravi,K.
6,Yusuf,T.
7,Leo,K.
8,Nadia,R.
9,Liam,S.
10,Noah,C.
11,Ethan,S.
12,Ivan,S.
13,Leo,C.
14,Elena,O.
15,Elena,S.
16,Mateo,C.
17,Chloe,N.
18,Sofia,M.
19,Ava,M.
20,Mia,T.
21,Mateo,N.
22,Sofia,G.
23,Lucas,M.
24,Zara,K.
25,Noah,R.
26,Emma,N.
27,Kenji,N.
28,Sofia,M.
29,Liam,T.
30,Chloe,S.
31,Emma,L.
32,Priya,K.
33,Leo,P.
34,Grace,N.
35,Kenji,N.
36,Lucas,T.
37,Noah,S.
38,Yusuf,C.
39,Maya,P.
40,Noah,H.
41,Ethan,H.
42,Emma,R.
43,Sofia,K.
44,Grace,H.
45,Kenji,G.
46,Kenji,N.
47,Lucas,O.
48,Sofia,T.
49,Yusuf,O.
50,Noah,N.
